sequencing platform	partner_coverage_low	variant_type	LOC	chr	ID	REF	ALT	QUAL	FILTER	genotype	conditional_genotype_quality	depth	allele_depth	variant_allele_frequency	caller	phase_set	.
nanopore	False	indel	215630480	chr1	.	GTGTATATATATATA	G	4.8	PASS	0|1	5	28	3	0.107143	DeepVariant	214938855	.
nanopore	True	indel	215743422	chr1	.	A	ATG	3.9	PASS	1/1	4	35	14	0.4	DeepVariant	nan	.
nanopore	True	indel	215836477	chr1	.	T	TA	24.5	PASS	0|1	24	34	12	0.352941	DeepVariant	215724219	.
nanopore	True	indel	215836480	chr1	.	A	AT	22.8	PASS	0|1	23	33	14	0.424242	DeepVariant	215724219	.
nanopore	True	indel	215836498	chr1	.	A	AT,ATATAATAT	25.1	PASS	1|2	6	28	12,9	0.428571,0.321429	DeepVariant	215724219	.
nanopore	True	indel	215836526	chr1	.	T	TA	14.0	PASS	0|1	14	33	12	0.363636	DeepVariant	215724219	.
nanopore	True	indel	215836528	chr1	.	A	AT	8.9	PASS	0|1	9	35	10	0.285714	DeepVariant	215724219	.
nanopore	True	indel	215836553	chr1	.	A	AT	4.8	PASS	0|1	5	35	13	0.371429	DeepVariant	215724219	.
nanopore	False	indel	216076522	chr1	.	AT	A	5.0	PASS	1|0	3	31	8	0.258065	DeepVariant	215724219	.
nanopore	False	indel	216141954	chr1	.	GA	G	4.6	PASS	1/1	4	31	7	0.225806	DeepVariant	nan	.
nanopore	False	snp	215627449	chr1	.	C	T	4.1	PASS	1/1	2	31	9	0.290323	DeepVariant	nan	.
nanopore	False	snp	215627453	chr1	.	C	T	17.8	PASS	1/1	3	32	15	0.46875	DeepVariant	nan	.
nanopore	False	snp	215733213	chr1	.	G	A	20.0	PASS	1/1	20	35	31	0.886	Pepper	nan	.
nanopore	True	snp	215743424	chr1	.	A	G	4.7	PASS	1/1	5	35	30	0.857143	DeepVariant	nan	.
nanopore	True	snp	215743426	chr1	.	A	G	3.7	PASS	1/1	4	35	27	0.771429	DeepVariant	nan	.
nanopore	True	snp	215743429	chr1	.	G	T	20.5	PASS	1/1	20	35	34	0.971429	DeepVariant	nan	.
nanopore	True	snp	215743431	chr1	.	C	T	30.4	PASS	1/1	30	35	35	1	DeepVariant	nan	.
nanopore	True	snp	215743433	chr1	.	C	T	20.2	PASS	1/1	20	35	34	0.971429	DeepVariant	nan	.
nanopore	True	snp	215743435	chr1	.	C	T	28.6	PASS	1/1	29	35	35	1	DeepVariant	nan	.
nanopore	True	snp	215743440	chr1	.	A	G	5.5	PASS	1/1	6	35	32	0.914286	DeepVariant	nan	.
nanopore	True	snp	215743442	chr1	.	A	G	7.9	PASS	1/1	8	35	32	0.914286	DeepVariant	nan	.
nanopore	True	snp	215743444	chr1	.	A	G	9.1	PASS	1/1	9	35	29	0.828571	DeepVariant	nan	.
nanopore	True	snp	215743447	chr1	.	A	T	33.6	PASS	1/1	34	36	35	0.972222	DeepVariant	nan	.
nanopore	True	snp	215743451	chr1	.	A	T	29.8	PASS	1/1	30	36	36	1	DeepVariant	nan	.
nanopore	True	snp	215743461	chr1	.	G	C	32.2	PASS	1/1	32	36	29	0.805556	DeepVariant	nan	.
nanopore	True	snp	215747980	chr1	.	C	T	20.0	PASS	1/1	20	37	35	0.946	Pepper	nan	.
nanopore	False	snp	215835210	chr1	.	T	G	20.0	PASS	0|1	20	30	11	0.367	Pepper	215724219	.
nanopore	True	snp	215836391	chr1	.	A	C	18.0	PASS	0|1	18	33	13	0.394	Pepper	215724219	.
nanopore	True	snp	215912515	chr1	.	G	A	17.4	PASS	1/1	17	23	18	0.782609	DeepVariant	nan	.
nanopore	True	snp	215952013	chr1	.	C	T	44.6	PASS	0|1	43	29	11	0.37931	DeepVariant	215724219	.
nanopore	True	snp	215952040	chr1	.	C	A	65.2	PASS	1/1	61	28	26	0.928571	DeepVariant	nan	.
nanopore	False	snp	216074304	chr1	.	A	C	13.9	PASS	1|0	14	32	14	0.4375	DeepVariant	215724219	.
